{"times": [0.0, 0.04, 0.08, 0.12, 0.16, 0.2, 0.24, 0.28, 0.32, 0.36, 0.4, 0.44, 0.48, 0.52, 0.56, 0.6, 0.64, 0.68, 0.72, 0.76, 0.8, 0.84, 0.88, 0.92, 0.96, 1.0, 1.04, 1.08, 1.12, 1.16, 1.2, 1.24, 1.28, 1.32, 1.36, 1.4000000000000001, 1.44, 1.48, 1.52, 1.56, 1.6, 1.6400000000000001, 1.68, 1.72, 1.76, 1.8, 1.84, 1.8800000000000001, 1.92, 1.96, 2.0, 2.04, 2.08, 2.12, 2.16, 2.2, 2.24, 2.2800000000000002, 2.32, 2.36, 2.4, 2.44, 2.48, 2.52, 2.56, 2.6, 2.64, 2.68, 2.72, 2.7600000000000002, 2.8000000000000003, 2.84, 2.88, 2.92, 2.96, 3.0, 3.04, 3.08, 3.12, 3.16, 3.2, 3.24, 3.2800000000000002, 3.3200000000000003, 3.36, 3.4, 3.44, 3.48, 3.52, 3.56, 3.6, 3.64, 3.68, 3.72, 3.7600000000000002, 3.8000000000000003, 3.84, 3.88, 3.92, 3.96, 4.0], "data": {"NPC": [0.965386980585083, 0.9650355793727489, 0.9638935254326627, 0.9630150224018272, 0.9627514714925767, 0.9611701660370728, 0.9603795133093209, 0.08960730914521656, 0.0833699376262848, 0.07924097338135816, 0.07669331459193535, 0.07528770974259862, 0.07282790125625933, 0.07159799701308969, 0.0704559430730036, 0.06957744004216815, 0.06834753579899851, 0.0673811824650795, 0.06685408064657823, 0.06579987700957568, 0.06623912852499342, 0.06676623034349469, 0.06746903276816305, 0.06799613458666433, 0.06817183519283142, 0.06825968549591496, 0.0685232364051656, 0.06808398488974787, 0.06843538610208205, 0.0685232364051656, 0.06834753579899851, 0.06834753579899851, 0.0685232364051656, 0.06843538610208205, 0.06825968549591496, 0.06843538610208205, 0.06817183519283142, 0.06755688307124659, 0.06720548185891241, 0.06685408064657823, 0.06676623034349469, 0.0665905297373276, 0.06615127822190986, 0.06562417640340859, 0.07115874549767197, 0.07107089519458842, 0.07107089519458842, 0.07124659580075551, 0.0714222964069226, 0.0714222964069226], "dev": [0.034613019414916985, 0.034964420627251164, 0.03610647456733726, 0.036984977598172715, 0.03724852850742335, 0.03882983396292717, 0.03962048669067908, 0.9103926908547835, 0.9166300623737151, 0.9207590266186418, 0.9233066854080647, 0.9247122902574014, 0.9271720987437406, 0.9284020029869103, 0.9295440569269964, 0.9304225599578319, 0.9316524642010015, 0.9326188175349205, 0.9326188175349205, 0.8617236229464992, 0.8481946762716331, 0.8324694720196785, 0.8183255732232276, 0.7990863568479312, 0.786348062900817, 0.7734340683475358, 0.7614864271281736, 0.7486602828779759, 0.737064042870948, 0.7240621980145832, 0.7107089519458842, 0.7011332689097778, 0.7187911798295704, 0.711323904067469, 0.7030659755776157, 0.6945444961785118, 0.6877800228410788, 0.6789949925327242, 0.6685408064657823, 0.6596679258543442, 0.6507071949398225, 0.6440305719054731, 0.636299745234121, 0.6300623737151894, 0.6313801282614425, 0.6239128524993411, 0.6172362294649917, 0.6109988579460599, 0.6043222349117104, 0.5962400070280243], "LOH_DN": [0.0, 0.0, 0.0, 0.0, 0.0, 0.0, 0.0, 0.0, 0.0, 0.0, 0.0, 0.0, 0.0, 0.0, 0.0, 0.0, 0.0, 0.0, 0.0005271018185012738, 0.06571202670649214, 0.07713256610735307, 0.08820170429587983, 0.09883159096898884, 0.1126240885531055, 0.12228762189229553, 0.13124835280681718, 0.139594131599754, 0.1485548625142757, 0.15523148554862515, 0.16428006676623033, 0.17350434859000263, 0.17851181586576473, 0.1609417552490556, 0.16594922252481772, 0.17069313889132917, 0.17640340859175965, 0.1801809716243521, 0.18501273829394713, 0.19125010981287885, 0.1965211279978916, 0.20126504436440307, 0.20486690679082842, 0.20802951770183606, 0.210752877097426, 0.21250988315909689, 0.21505754194851973, 0.21795660195027672, 0.2202407098304489, 0.22278836861987175, 0.22700518316788193], "PT": [0.0, 0.0, 0.0, 0.0, 0.0, 0.0, 0.0, 0.0, 0.0, 0.0, 0.0, 0.0, 0.0, 0.0, 0.0, 0.0, 0.0, 0.0, 0.0, 0.006764473337433014, 0.00843362909602038, 0.012562593340947026, 0.015373803039620486, 0.020293420012299043, 0.023016779407888956, 0.0261793903188966, 0.029342001229904244, 0.033207414565580254, 0.036721426688922074, 0.03909338487217781, 0.042519546692436086, 0.045682157603443733, 0.04656066063427919, 0.047878415180532374, 0.05051392427303874, 0.05218308003162611, 0.05437933760871475, 0.05701484670122112, 0.059386804884476854, 0.06123166124923131, 0.06404287094790477, 0.06641482913116051, 0.06861108670824914, 0.07107089519458842, 0.06088026003689713, 0.06342791882631996, 0.06518492488799087, 0.06632697882807696, 0.06817183519283142, 0.06975314064833524], "POD": [0.0, 0.0, 0.0, 0.0, 0.0, 0.0, 0.0, 0.0, 0.0, 0.0, 0.0, 0.0, 0.0, 0.0, 0.0, 0.0, 0.0, 0.0, 0.0, 0.0, 0.0, 0.0, 0.0, 0.0, 0.00017570060616709128, 0.0008785030308354564, 0.0010542036370025476, 0.001493455152420276, 0.0025476587894228235, 0.004041113941843099, 0.004919616972678556, 0.006325221822015286, 0.005183167881929193, 0.006413072125098831, 0.007467275762101379, 0.00843362909602038, 0.009487832733022929, 0.011420539400860933, 0.013616796977949574, 0.01572520425195467, 0.017218659404374944, 0.018097162435210402, 0.02090837213388386, 0.022489677589387684, 0.024070983044891504, 0.026530791531230783, 0.02855134850215233, 0.031186857594658703, 0.0332952648686638, 0.035579372748835984]}, "cell_type_colors": {"NPC": "#C18D51", "dev": "#5689AE", "LOH_DN": "#64956D", "PT": "#B35965", "POD": "#9678AA"}}